u_mps,v_mps,w_mps,p_rps,q_rps,r_rps,phi_rad,theta_rad,psi_rad,x_e,y_e,z_e
-0.1804833333,-0.0285763744,0.0077380738,0.0000000000
1.2713243210,-1.3458064173,0.0554118211,0.4999860175
-84.9904920200,0.5841627773,-0.5532902594,0.0037392936
19.6194513262,0.0000000000,0.0000000000,0.0000000000
