u_mps,v_mps,w_mps,p_rps,q_rps,r_rps,phi_rad,theta_rad,psi_rad,x_e,y_e,z_e
-0.0050639901,-0.0518177705,0.0025769591,0.0000000000
0.0605037277,-0.5891919084,-0.0265808080,0.0000000000
-17.3692247001,179.1600123725,-0.4606686928,0.4994163346
-19.5860961638,-0.9471970529,0.0000000000,0.0000000000
