u_mps,v_mps,w_mps,p_rps,q_rps,r_rps,phi_rad,theta_rad,psi_rad,x_e,y_e,z_e
-0.0050637501,-0.0516858627,0.0025703186,0.0000000000
0.0603452938,-0.5891563095,-0.0265814509,0.0000000000
-17.3244660122,179.1643459994,-0.4606686928,0.4994193476
-19.5351674827,-0.9422882557,0.0000000000,0.0000000000
