u_mps,v_mps,w_mps,p_rps,q_rps,r_rps,phi_rad,theta_rad,psi_rad,x_e,y_e,z_e
0.0000000000,-0.9484701475,-0.0198654756,0.0000000000
0.0000000000,0.0000000000,0.0000000000,0.0000000000
2.3011624998,0.3639866707,-0.4080934435,0.0000000000
0.0000000000,0.0407372022,0.7803939366,0.0000000000
0.0000000000,-0.0407372022,-0.7803939366,0.0000000000
