u_mps,v_mps,w_mps,p_rps,q_rps,r_rps,phi_rad,theta_rad,psi_rad,x_e,y_e,z_e
0.0000000000,0.0000000000,0.0000000000,0.0000000000
0.1094313598,-7.3156982513,-2.9192661710,0.0000000000
0.0000000000,0.0000000000,0.0000000000,0.0000000000
9.8100000000,0.0000000000,0.3924000000,0.0000000000
9.8100000000,0.0000000000,0.3924000000,0.0000000000
